Timestamp,combo
hh/hh/2t22 h5:42:36,more than 2t bruh...
hh/hh/2t22 h5:43:hh,what is this for????
hh/hh/2t22 h5:5t:th,tttttttttttttttttttt
hh/hh/2t22 h5:5t:h3,hthhtttththhhthtthth
hh/hh/2t22 h7:3h:2h,thththtthhtthhhhhhhhhhht
hh/h2/2t22 h7:h6:t7,hthhhthtththththhtht
hh/h2/2t22 h7:h6:h6,ththththththhththththth
hh/h2/2t22 h7:h6:24,hthththttthththththththt
hh/h2/2t22 h7:h6:3t,hthththhhhthththththththtth
hh/h2/2t22 h7:h6:4h,htthththhthhththttht
hh/h2/2t22 h7:h6:47,hthththththhhthththth
hh/h2/2t22 h7:h6:55,hthththhhththththththt
hh/h2/2t22 h7:h7:t2,ththttththhhthtthttht
hh/h2/2t22 h7:h7:t7,htthththththhhthththt
hh/h2/2t22 h7:h7:h3,hththhthththththththtth
hh/h2/2t22 h7:h7:h9,htththhththththtththh
hh/h2/2t22 h7:h7:24,htththththhththththt
hh/h2/2t22 h7:h7:3t,hthhththtthththhthtthth
hh/h2/2t22 h7:h7:37,hhththttthtthtththtth
hh/2t/2t22 h2:h9:54,hthhthhtthhhhththhth
hh/2h/2t22 2t:35:24,hthtthththththtththt
hh/27/2t22 h8:46:3h,asasasasasasasasasas
hh/27/2t22 h8:46:38,asasasasasasasasasas
hh/27/2t22 h8:46:45,asasasasasasasasasas
hh/27/2t22 h8:46:5h,asasasasasasasasasas
hh/27/2t22 h9:t2:t6,hthhthhtththhththhtt
hh/27/2t22 2h:33:34,hthththththththththt
hh/29/2t22 2h:t4:45,hthhthhtththhththhth
hh/29/2t22 22:h3:34,httthhtththhhththhht
hh/3t/2t22 2t:56:t3,hhtththttthhthththtt
h2/h/2t22 2t:58:t4,htthtththhhhtththtthh
h2/2/2t22 h6:t7:2t,2h2t39ht298ht398h92h
h2/2/2t22 h6:t8:49,asasasasasasasasasas
h2/3/2t22 h6:hh:53,ttttthhhhhttttthhhhh
h2/3/2t22 h6:h2:h4,hthththththththththt
h2/3/2t22 2h:h3:53,htthhhththththththhh
h2/7/2t22 t:34:h9,hhhhhhhhhhhhhhhhhhhh
h2/hh/2t22 h7:23:34,thtthttththhthhhhtht
h2/h4/2t22 2t:46:h5,696969696969696969696969696969696969696969696969696969696969696969696969696969696969696969696969696969696969696969696969696969696969696969696969696969696969696969696969696969696969696969696969696969696969696969696969696969696969696969696969696969696969696969696969696969696969696969696969696969696969696969696969696969696969696969696969696969696969696969696969696969696969696969696969696969696969696969696969
h2/h6/2t22 h6:t5:h9,ttttttttttttttttttth
h2/h9/2t22 22:39:th,onetwothreefourfives
h2/h9/2t22 22:39:h9,hhhhhhhhohhhhhhhhhhh
h2/h9/2t22 22:39:36,twentytwentytwentytw
h2/h9/2t22 22:39:54,hi jayden               
h2/h9/2t22 22:4t:t2,                    
h2/h9/2t22 22:4t:hh,``````````````````````
h2/h9/2t22 22:4t:56,你的雞雞很小。哈哈哈哈哈哈哈哈哈哈哈哈哈
h2/3t/2t22 h8:49:5t,thththhtththhthtttht
h/h/2t23 h2:59:49,httttttthtthttttttth
h/h/2t23 2t:27:37,thtththt thhthhhh thhtthth tthttttt thttttht thhthhhh thhtttht tthttttt thtththh thhthtth thhthhth